{
  "descricao": "Vetor de força ótimo encontrado pelo Coordinate Descent",
  "parametros_simulacao": {
    "media_gols": 3.0,
    "dixon_coles": true,
    "rho": -0.13,
    "offset": 0.0,
    "forca_minima": 0.15,
    "forca_maxima": 1.0,
    "criterio_otimizacao": "mse",
    "ajuste": "multiplicativo_livre_clip015_max1",
    "n_sims_por_iteracao": 20000,
    "iteracao_convergencia": 21,
    "referencia_probabilidades": "analises\\comparativo_mercados_probabilidades\\resultados_ajustados\\ajuste_curva_extrema_top2_travado_media_3_fontes.xlsx"
  },
  "metricas_finais": {
    "kl_div": 0.003758835984891306,
    "mae": 0.000689233680395745,
    "mse": 1.1068772043586874e-06,
    "rmse": 0.0010520823182425829,
    "rmspe": 0.22493747891640628,
    "max_err": 0.003379507784108421,
    "spearman_rho": 0.9785582513428511
  },
  "vetor_forca": {
    "mexico": 0.5405780915539987,
    "canada": 0.37323357818205166,
    "usa": 0.5095821763633382,
    "south africa": 0.19804816488154392,
    "korea republic": 0.34872444212108844,
    "qatar": 0.19315961840833182,
    "switzerland": 0.4728266874969434,
    "brazil": 0.8340985466322737,
    "scotland": 0.37871134480667185,
    "haiti": 0.19315961840833182,
    "morocco": 0.5398397525889954,
    "australia": 0.30195410789043153,
    "paraguay": 0.35424531348944727,
    "germany": 0.7392037354630884,
    "cote d'ivoire": 0.4181729502922228,
    "curacao": 0.1936336927115681,
    "ecuador": 0.5023834023973657,
    "netherlands": 0.706350682196283,
    "japan": 0.5618324701010964,
    "tunisia": 0.29071103675603704,
    "belgium": 0.5458064178494985,
    "egypt": 0.3138172006658591,
    "iran": 0.29950475614746536,
    "new zealand": 0.19315961840833182,
    "saudi arabia": 0.19344128629544838,
    "cape verde": 0.24843421845639263,
    "spain": 0.9769747880977433,
    "uruguay": 0.47827440276798494,
    "france": 1.0,
    "norway": 0.6159829137390838,
    "senegal": 0.50697506997379,
    "algeria": 0.31000429961579107,
    "argentina": 0.7947548286202151,
    "austria": 0.41705411316431296,
    "jordan": 0.3270145939352214,
    "colombia": 0.552867622169451,
    "portugal": 0.8306353268958122,
    "uzbekistan": 0.1905071891490982,
    "croatia": 0.47462720097934014,
    "ghana": 0.27339274574954286,
    "england": 0.8634681755081343,
    "panama": 0.24987188569584828,
    "iraq": 0.3989605182032889,
    "dr congo": 0.36478636542238774,
    "czech republic": 0.3669703970514088,
    "bosnia and herzegovina": 0.34846139555485006,
    "turkey": 0.49398444884419646,
    "sweden": 0.4395254008303763
  }
}